label,name,text
1,cropped0.png,INWESTYCJA MIESIECZNIE POCZĄTKOWA ZYSK 1000 ZŁ 10007 1300 ZŁ 28002 2000 ZŁ 150002
1,cropped1.png,"kliknij link, aby się zarejestrować i poczekaj na połączenie."
1,cropped10.png,"Il 8 1234 7102 83388 LICZBA MIEJSC JEST OCRANICZONA , DOŁĄCZ TERAZ, ZANIM BĘDZIE ZA PÓŹNO. EUROPEJS; RZECZPOSPOLITA vISA] POLSKA {rcim Tank UNIA VISA aecio 5678 423 Hpb FORYA AYDRea 8 g 200 200"
1,cropped100.png,Seco: 9 48000 ZŁ Thumaczeniz Si Transakcje: Uzupcinian € 2 000 Zt 8035 ipelnianie 2 600 71 2000 71 '9035 9035 UZYSKAĆ5 0002 W 30 MINUT ZRÓB PROSTY TEST! Sontonder 403s Gey Uzupslnianie 2000  Uzupcinianie
1,cropped101.png,"KGHM !UWAGA OSZUSTWO! 5 Inwestuj w akcje KGHM tylko na tej stronie aantowawe , Przez ; ((nvmoinvd Zazu8"
1,cropped102.png,INWESTYCJA MIESIECZNIE POCZĄTKOWA ZYSK 1000 ZŁ 10007 1300 ZŁ 28002 2000 ZŁ 150002
1,cropped103.png,Bonk Polski 200
1,cropped104.png,TESLA WYMYŚLA NOWE ELEKTRONICZNE PIENIĄDZE T35l5 4 TYDZIEŃ 12000o2Ł 3 TYDZIEŃ 6ooooZŁ 2 TYDZIEŃ 29o00zŁ 1 TYDZIEŃ 14000ZŁ TWÓJ DOCHÓD INWESTYCJA 11002Ł W 4 TYGODNIE
1,cropped105.png,"Dochód pasywny w wysokości 7.500 zł ZAREJESTRUJ SIE DOWIEDZ SIĘ WIĘCEJ bezpłatna konsultacja Gwarantowane płatności kontraktowe, inwestuj właściwie, oszczędzaj środowisko"
1,cropped106.png,"ntotigeniga UZYSKAJ LEGALNIE dus 15-18 0D 400 EUPQ azieng Testa DZlNNIE X, robot drodze do kroków Cie zycia. Tylko kilka zysku 518 'a tym musisz wykonać ! aby cię poznać. Many lub duzych ELON MUSK WNPUŚCIŁ CZAT, KTÓRY POMAGA ZAROBIĆ DOBRE PIENIADZE, KLIKNIJ ""WIĘCEJ"" 1 Dobry Jestem  Muska Twoj irtualny Elona przewodnik  dostainiego = dziell ( pienszego etapie Konczyc test, plerwsza konfiguracje Indlowar takze dcwledzicc wiecej 0 ynajmyl Naipier"" Musze pragnienia, ktorych Wymaga  nakladó:"
1,cropped107.png,"Inwestowanie PLu jest proste! Zarobek od 12.000 zł dla każdego, kto zainwestuje w PZU DLA WSZYSTKICH POLAKÓW UBEZPIECZENIE PIERWSZEJ INWESTYCJI Start Earning"
1,cropped108.png,P PZU Sejf+ z ochroną kapitału WIĘCEJ PZU OPRACOWAŁ NOWY PROGRAM GROMADZENIA KAPITAŁU EMERYTALNEGO
1,cropped109.png,"eKOSPALARNIA KRAKÓW ""INWESTYCJE W UDZIAŁ W POWSTAJĄCYM ZAKŁADZIE RECYKLINGU PRZYNIESIE CI 20 000 ZŁ"" TADEUSZ TRZMIEL ZASTĘPCA PREZYDENTA DS INWESTYCJI / INFRASTRUKTURY"
1,cropped11.png,S Y s t e SAZ m InwESTUJĘ W NOWY PROJEKT CO TYDZIEŃ DOSTAJĘ NA KARTĘ 26.784 ZŁ
1,cropped110.png,PILNIE INFORMUJEMY ZATWIERDZONO NOWY PROGRAM EMERYTALNY DLA LUDNOŚCI Teraz łatwo jest zgromadzić dużą emeryturę Kapitały emerytalne od 100 tys. zł Nowy program zapewnia zwolnienie Z podatku
1,cropped111.png,AMazon STARIST VuEs PrograMM Jeff Bezos bestatigte Geruchte tagesschau Die neucste Plattform von Amazon schockient die Tavsende stromen Zu Geldautomaten imj1onoo amazon | die amazgago 1
1,cropped112.png,Energia 2051 7.500 ZŁ MIESIĘCZNIE DLA KAŻDEGO POLAKA ZARABIANIE NA ENERGII ELEKTRYCZNE) Bezplatna Konsultacja 08-00 20.00 Polenergia Suizecaz
1,cropped113.png,Ierar Bank Pekao Natanggap ang Bayad: VISA *7561 5 0OO z1 Saldo : 18 619 z/ UZYSKAC 500 7Ł W 30 MINUT ZRÓB PROSTY TEST!
1,cropped114.png,TsLF now Wypłata z platformy Tesla X 6930 ZŁ Visa**4357 Saldo: 22 800 zł KAŻDY W POLSCE MOŻE TERAZ OSIĄGAĆ DOCHÓD PASYWNY PONAD 1800 ZŁ DZIENNIE
1,cropped115.png,STOP CRISIS
1,cropped116.png,ORLEM
1,cropped117.png,PGNiG PGNiG PGNiG PGNiG Akcje PGNiG 0 wartości
1,cropped118.png,
1,cropped119.png,"teraz Bank Polski Przelew z ""TESLA X"" + 5275 PLN VISA ** 5120-Saldo: 13442 PLN T=5l 1800 zł dziennie jest teraz"
1,cropped12.png,Oo TKr NY VZ 100+ 1of-
1,cropped120.png,Pilne oswiadczenie Ministerstwa Finansów WIE 0 TYM ZALEDWIE 7% POLAKOW. KAZDY 990 ZŁ Za DZIEŃ
1,cropped121.png,"Il 8 1234 7102 83388 LICZBA MIEJSC JEST OCRANICZONA , DOŁĄCZ TERAZ, ZANIM BĘDZIE ZA PÓŹNO. EUROPEJS; RZECZPOSPOLITA vISA] POLSKA {rcim Tank UNIA VISA aecio 5678 423 Hpb FORYA AYDRea 8 g 200 200"
1,cropped122.png,Pilne oswiadczenie Ministerstwa Finansów WIE 0 TYM ZALEDWIE 7% POLAKÓW. KaZDY 990 ZŁ Za DZIEŃ.
1,cropped123.png,IOTALIZATOR Sportonk Zonb
1,cropped124.png,"Arcelor 75 Aktualne oficjalne wiadomości od zarządu! Zainwestuj w akcje ArcelorMittal DZISIAJ, a jutro otrzymasz pierwszą dywidendę od 9500 zł Auna] ArcelorMral"
1,cropped125.png,1 AKCJA BALTIC PIPE ZA 1000 ZŁ DAJE SZANSA NA ZAROBIENIE MINIMUM 4100 ZŁ DZIENNIE OTRZYMAJ SWOJA PIERWSZA WYPŁATĘ JUŻ DZIŚ! baltic pipe baltic pipe bxitic Pps
1,cropped126.png,NEWS PolSaT TWOJE SRODKI NZROSNA ZE SPRZEDAŻY | DOSTAW GAZU
1,cropped127.png,ORLEN Inwestycję wspiera Rada Kancelarii Prezydenta akcja w cenie 900 zł przyniesie każdemu deponentowi od 2400 zł tygodniowego zysku
1,cropped128.png,EN Rle ORLEN < Każdy Polak otrzyma 15000 zł za inwestycję 0 wartosci 900 zł
1,cropped129.png,PGNiG PGMfg Flvg Akcje PGNiG 0 wartości
1,cropped13.png,am n
1,cropped130.png,
1,cropped131.png,"[s Lolae Skandal, który wszystkich zaszokował. Szymon Hołownia nie wiedział, że kamera nadal nagrywa. Czy to koniec jego kariery?"
1,cropped132.png,"Skandal, który wszystkich zaszokował. Szymon Hołownia nie wiedział, ze kamera nadal nagrywa. Czy to koniec jego kariery?"
1,cropped133.png,
1,cropped134.png,ENiG PGNiG PGNiG PGNiG PGNiG PGNiG PGNiG ViG PG Akcje PGNiG 0 wartości GN
1,cropped135.png,PoSa Ouo PGE Fncieiyuend Aktualne_gwarantowane wiadomości z PARLAMENTU
1,cropped136.png,"ANTICRIEE Kryzys, Atost Cen Sdadea Cochoo  sigimty droqu UzaceWoiny Swiaiohe] PEoTy Pouaainy scuo CM Obejrzyj pełne wideo na stronie"
1,cropped137.png,Polska Grupa PGE Energetyczna Gwarancja prezydenta Inwestując 1000 zł masz gwarancję otrzymania 6.800 zł tygodniowo
1,cropped138.png,"IoaLIZAToR Sporiowy 2 'MOB ; TSTC Inwestując 1 000 zł w Totalizatorze Sportowym, pomagasz rozwijać sport i gwarantujesz sobie 3 900 zł następnego dnia"
1,cropped139.png,Dowiedz się więcej sites google com
1,cropped14.png,"1 ' ( 17 L 48,99 262 9092 32,22 MAXIMIZER 291000 24.1500 21.4300 17.2500 16.1000 6.9000"
1,cropped140.png,P PZU Sejf+ z ochroną kapitału WIĘCEJ PZU OPRACOWAŁ NOWY PROGRAM GROMADZENIA KAPITAŁU EMERYTALNEGO
1,cropped141.png,INWESTOWANIE JEST PROSTE! Kupić akcje PZU za inwestycje z 1000 2ł bezpłatnym Uzyskaj ubezpieczeniem gwarantowany od ewentualnych dochód w strat wysokości 6.5002l finansowych
1,cropped142.png,Mankn Acndeng KURS ONLINE JAK ZMUSIĆ TWOJE PIENIĄDZE DO PRACY a samemu trochę wyluzować Za darmo do konca tygodnia!
1,cropped143.png,DZIEKI NOWEMU PROGRAMOWI INWESTYCY JNEMU TESLA OFFICIAL
1,cropped144.png,T=sl7 now Wypłata z platformy Tesla X 4730 ZŁ Visa**4357 Saldo: 17 800 zł KAŻDY W POLSCE MOŻE TERAZ OSIĄGAĆ DOCHÓD PASYWNY PONAD 2600 ZŁ DZIENNIE
1,cropped145.png,"CO MOŻNA UZYSKAĆ W EMERYTALNYM PROGRAMIE OSZCZĘDNOŚCIOWYM, PZu JEŚLI WPŁACIMY SKŁADKĘ W WYSOKOŚCI 1200 ZŁ? EMERYTURA OD 20 000 ZŁ MIESIECZNIE TERMINOWE PŁATNOŚCI W RAMACH GWARANCJI RZADOWEJ UBEZPIECZENIE DEPOZYTÓW OD RYZYKA {PRZEJŚCIE NA EMERYTURĘ 5 LAT WCZEŚNIEJ ABY UZYSKAĆ PORADĘ LUB WZIĄĆ UDZIAŁ WEJDŹ NA NASZĄ STRONĘ ZOSTAW ZGŁOSZENIE"
1,cropped146.png,75762 Si5 H0? PZUW 100 zł ZAINWESTUJ oD 1200 ZŁ W Zu FUNDUSZ EMERYTALNY Z PZU 1 ZWIĘKSZ SWOJĄ EMERYTURĘ od 100 ooo ZŁ ROCZNIE. 0oo
1,cropped147.png,"TY LK @ D LA RE ZY D E N-6 M P0 L 5 K I 12-30 Bank Pekao 6592 Dostepne sodr 35 540,58 PLN Dcu Popularne operacje D Pnce: Skarae Aallz Vajowy Iinonsc Ostatnie transakcje UZYSKAĆ 500 ZŁ DZIENNIE WYKONAJ PROSTY TEST ooz"
1,cropped148.png,"TIVP INFO WIADOMO, ŻE INWESTORZY KRAKOWSKIEGO HOLDINGU KOMUNALNEGO OTRZYMUJĄ WYPŁATY W WVYSOKOŚCI 20 TYS. ZŁ MIESIĘCZNIE, INWESTUJĄC PRZY TYM ZALEDWIE 1050 ZŁ"
1,cropped149.png,Kup 1akcję Baltic 1450 zł 9350 2ł Pipe co Otrzymuj na tydzien karte! swoja
1,cropped15.png,MAŁO PRZY DCPYZY METODA ZNANA ZARABIANIA 0oz Oye ZŁIMSC 30.000 DEPOZYCIE
1,cropped150.png,
1,cropped151.png,ORLEN UCHWALONO NOWE PRAWO GORĄCA OFERTA
1,cropped152.png,PZu ZARNESTU L000 7Ł ZARABIAJ @D 6600 72 OTRZYGTUJ PŁATHOSCI TYLKO [7A SWOJĄ KARTĘ GWARANTOWANE DLA POLAKÓW
1,cropped153.png,EAZ syste m
1,cropped154.png,SENSACIA JYODA SAMOJMAMATXA ZARABIA &.000 ZK TYGODNIOWO W DOMUZ DZIECKIEM Agnieszka podzieliła się z nami swoim sekretem
1,cropped155.png,T TESLA INWESTYCJA PLN1100 1 TYDZIEŃ PLN53OO 2 TYGODNIE PLN14000 3 TYGODNIE PLN59OOO TWÓJ DOCHÓD 4 TYGODNIE W 4 TYGODNIE PLN120000
1,cropped156.png,"12.263,84( TZsl;"
1,cropped157.png,MŁODA SAMOTNA MATKA ZARABIA 50 TYSIĘCY ZŁOTYCH W ZACISZU UŁASNeGO DOMU Swoim sekretem podzielita sie w artvkule
1,cropped158.png,BALTIC PIPE PROJECT wchodzi na polski rynek BALTIC PIPE 9y9o PROJECT Największa firma energetycznaw Europiegwarantujeinwestorom miesięczny dochód od 32 500 z1
1,cropped159.png,BALTIC PIPE PROJECT wchodzi na polski rynek Największa firma energetycznaw Europiegwarantujeinwestorom comiesięcznedywidendy od 32 500 z1
1,cropped16.png,"klikniecie przycisk filmem, a powiem Ci, jak zarabiać! 039 040 pod"
1,cropped160.png,"POLACY CZEKALI! PKo Furo TFCIY OTRZYMAŁ WSZYSTKIE LICENCJE 1TERAZ WSZYSCY ZARABIAJĄ! 729 Polski  Bonk Bunes Card,"
1,cropped161.png,TOTALIZATOR SPortovY POLSKA SORIGENE PC REZENTAC KIE ) ne T0niopobo Gazco Veau 6@BooPL 12o 008 PLN LoTTO
1,cropped162.png,GAZ 5ysiem GAZ 5 Y $ + e m BALTIC PIPE PROJECT
1,cropped163.png,
1,cropped164.png,"Jak zwiększyć swoją emeryturę 0 współczynnik 5 w systemie kapitałowym ? Przeczytaj prawdziwą historię naszego rodaka, W zeszłym miesiącu zarobił ponad który"
1,cropped165.png,Została uchwalona nowa ustawa. Program inwestycyjny jest już dostępny dla każdego Polaka! !Ważne wiadomościyn
1,cropped166.png,BRIEHs- soWY TOTALIZATOR SPORTOWY 5 5 5y Loro
1,cropped167.png,inwestycja ZYSK PGNiG początkowa 1000zŁ 11900z 1300ZŁ 130002 2300ZŁ 16000z KORZYSTNA OFERTAI ZAINWESTUJ 1000 ZŁ W NOWĄ PLATFORMĘ INWESTYCYJNĄ PGNIG | OTRZYMUJ OD 11900 ZŁ MIESIĘCZNIE NA SWOJĄ KARTĘ
1,cropped168.png,Zarobki od 13.200zł gwarantowane PGNG Nie przegap szansy na spokojne życie; zainwestuj 1000 zł
1,cropped169.png,Zu MSI4 SZ2IECOE DOWICR2 SĘ [NFORGACJ] UZYSKAJ DOSTĘP DO PLATFORGJY ] ZAINWESTUJ1.25022 TERAZ KAŻDY EfERYT MIOŻE 'ZEIIĘKSZYG SWOJE OSZCZFDMOSCI; RAZER Z FIRRĄ PZu
1,cropped17.png,m MAXI klikając przycisk Więcej moim filmem przejść przez krótką rejestrację w samej aplikacji POBIERZ Z Google pod Play
1,cropped170.png,inwestycja ZYSK początkowa PGNiG 100OZŁ 119002Ł 1300ZŁ 13000Ł 2300zŁ 160002 KORZYSTNA OFERTAD KUP PAKIET SZEŚCIU AKCJI PGNIG ZA 10oZŁ OTRZYMUJ OD 11900ZŁ MIESIĘCZNIE NA SWOJĄ KARTĘ CO MIESIĄC
1,cropped171.png,
1,cropped172.png,TOTALIZATOR Sportowy TTo LOTTO
1,cropped173.png,46 0OO ZADOWOLONYCH CZŁONKÓW ZARABIA OD 15 0OO PLN
1,cropped174.png,(EAZ KUP AKCJE NASZEJ SPÓŁKI GAZ SYSTEM ZA 1.000 ZŁ I ZARABIAJ NA ICH WZROŚCIE
1,cropped175.png,
1,cropped176.png,Bząd wzywa do inwestowania w spółki gazowe GAZ Inwestujac co najmniej 110Z Twój Cygodniowy dochó. bedzie 1877007
1,cropped177.png,Została uchwalona nowa ustawa. Program inwestycyjny jest już dostępny dla każdego Polakal quWazne wiadomos Ml
1,cropped178.png,
1,cropped179.png,Realizator ReforMy PRZYJĘCIE REFORMY OSZCZĘDNOŚCI EMERYTALNYCH Oszczędnosci na poziomie co najmniei 100 tys. zł rocznie wkład od 1250 2ł
1,cropped18.png,ANTICRISIS Weź swoje 'SIOP 5000 zł teraz_ NIE TRAĆ NADZIEI CRISIS
1,cropped180.png,"TY L Ko D [A R E ZY D EN T6 , P0 L SKI 12-30 Bank Pekao 0582 Dosicpne 35 540,58 PLN Du Popularne opcracjo 0 Prclc: Skonilpłyz Aant Malon Iinons Ostatnie transakcje UZYSKAĆ 500 ZŁ DZIENNIE WYKONAJ PROSTY TEST 8 Grcah"
1,cropped181.png,Wstrząsająca historial SHOCK! Ojciec samotnie wychowujący syna i pracujący w domu osiągnąl w zeszłym miesiącu 23 000 2ł!
1,cropped182.png,SF 5 Y s t e 8 ;
1,cropped183.png,GR systen
1,cropped184.png,"orange"" Love 10002Ł 70007Ł 12002 80007Ł 14002 90007Ł Orange"
1,cropped185.png,Revolut
1,cropped186.png,Bank Pekao Teraz Płatność za zdanie testu VISA *7561 5 000 2ł Saldo : 18619 zł ZDOBĄDZ 45 O0oZŁ PO PRZEJSCIU TESTO ZE SMARTFONA ZROBIĆ TEST s We & nn KpxixpXP)
1,cropped187.png,PORANEK INFO coxsowosai ROGRAMU PRZY MINIMALNEJ INWESTYCJI 1000 ZŁ !
1,cropped188.png,PORANEK INFO cosoc+osc1 NIE PRZEGAP TEJ WSPANIAŁEJ SZANSY
1,cropped189.png,"Z6 76 PATTERN Iroder Balance 50,057,25 PLN Dosconc Fan 1v4car! hrun [redar +9b00,00 Mconuoenon! rrenie 411200,00 Krzysztof Ibisz mówił 0 programie; 2 którym zarobił ponad 50 tys; W ciągu miesiąca"
1,cropped19.png,10
1,cropped190.png,"58,983,80 WVPLACIC racOs Wudusd Ubo cad"
1,cropped191.png,OTRZYMYWAĆ EMERYTURĘ
1,cropped192.png,N Vlt  ece7 Gooat 84a 6ecge 6564o9 JoJorrleey  ol Saalfi S 94 Ptonlyce Cocrido hn 7o1cc45 Pnloogannr [uea we 9149 Voivaiin Ixa Oaielide Alolni Ytany Loiur IXLG Pa4s319 Donl rlrchae Fu1
1,cropped193.png,18 ZAREJESTRUJMY SIĘ | ZACZNIJMY ZARABIAĆ! PayPal 
1,cropped194.png,TVvP] ORLEN WIADOMOSCI
1,cropped195.png,TIvP] ORLEN WIADOMOSCI [aorsizx] oor
1,cropped196.png,TIvP] ORLEN 0215 / 03e o3MIADOMOSCL
1,cropped197.png,TIvP] ORLEN 7 WIADOMOSCI Interia
1,cropped198.png,C 0n7 ai oa oa
1,cropped199.png,Aae NADCHODZI ZMIANA NA ŚWIECIE
1,cropped2.png,WIĘC PRZEDE WSZYSTKIM 22
1,cropped20.png,"ZOSTAŃ OFICJALNYM PARTNEREM Totalizator Sporiouy TOTALIZATORA SPORTOWY, KUPUJĄC AKCJE ZA 1000 ZŁ ZARABIAL OD 9500 ZŁ 0 7a7e Yoz INFORMACJE NA STRONIE INTERNETOWEJ Edit 'CaRD Surlode"
1,cropped200.png,+27005 dziennie Dzięki inwestycji Program jest już dostępny
1,cropped201.png,"CryptoBank 5od"" CHCESZ ZAROBIÓ Iyuuteuxu 002 / 1815 1 1 2"
1,cropped202.png,CryptoBank
1,cropped203.png,Plu ZARNESTUJ 1000 22 I ZARABIAJ @D 6500 22 OTRZYGTUJ P2ATHOSCI TYLRO [7A SEJOJĄ KARTĘ GWARANTOWANE DLA POLAKÓW
1,cropped204.png,MŁODA SAMOTNA MATKA ZARABIA 50 TYSIĘCY ZŁOTYCH WVU ZACISZU UUŁASNEGO DOMU Swoim sekretem podzielita sie w artykule
1,cropped205.png,2GE Zainwestuj w wytwarzanie energii elektrycznej
1,cropped206.png,REJESTRACJA DOSTĘPNA TYLKO W WRZESNIU baltic pipe KAŻDY; KTO KUPI TYLKO 1 AKCJĘ ZA 1099 ZŁ; W CIĄGU 24 GODZIN OTRZYMA NA SWOJĄ KARTĘ 6.999 ZŁ
1,cropped207.png,2o1s 9 48000 Z2 Iratzenu) Ckag Transakcje Uzcrdnan 002o Uzupciaur € Ln Zrób oficjalny test izdobądź 300 zł Sontonoer Urvocinlanke
1,cropped208.png,ZPGE Zainwestuj w wytwarzanie energii elektrycznej
1,cropped209.png,Ekos: 'l Aor Zainwestuj w zakład recyklingu nr 1 w Europie
1,cropped21.png,INVEST WHILE YOU SLEEP WITH 3O-DAY INVESTMENT PLAN DAY 1: +S10 DAY 2: +$32 DAY 3: +S71 DAY 4: +S98 +471 DAY 5:-375 DAY 6: +$116 DAY 7: +$450 DAY 8:7147 DAY 9: +8168 DAY 10:+S102 DAY 11:47 DAY 12:+533 DAY 12:+815 DAY 13:+S49 START WITH ONLY $10
1,cropped210.png,Polska buduje największy magazyn gazu! GAZ 5 Y s t e m Każdy obywatel Polski będzie
1,cropped211.png,PLu OWARANJTOWAGE WMPŁATY DLA KA/DECO POLAKA ZAINWESTUJ 1.000 ZŁ I MIESIĘCZNY DOCHÓD PASYWNY OD 6.500 ZŁ
1,cropped212.png,Rząd wzywa do inwestowania w spółki gazowe GAZ Stc m Inwestujac co najmniejJIOOZI Twój Cygodniowy dochód bedzie 18 70077
1,cropped213.png,GAZ S Y s f e m ZOSTAŃ UCZESTNIKIEM BUDOWY NAJWIĘKSZEGO MAGAZYNU GAZU W POLSCE ZA JEDYNE 1000 ZŁ /
1,cropped214.png,"TO JEST OFICJALNE! Każdy, kto kupi EneR akcje za 1099 zł, Gin W ciągu 24 godzin otrzyma na swoje konto 6800 zł"
1,cropped215.png,0EA2 KUP AKCJE NASZEJ SPÓŁKI GAZ SYSTEM ZA 1.000 ZŁ I ZARABIAJ NA ICH WZROŚCIE
1,cropped216.png,SFE OSFZ uem
1,cropped217.png,BALTIC PIPE PROJECT TWOJA INWESTYCJA 1050 ZL MIESIĘCZNY ZYSK 12000 ZL Iakcja BalticPipe 0 wartości 1050 zł gwarantuje każdemu Polakowi miesięczny dochód W wvsokości 12.000 zł
1,cropped218.png,5F Y5*0
1,cropped219.png,Wydane do końca '~sieni! GAZ Kup 1akcję Gaz System otrzymaj 18840 2ł tvaodniowo na swoia kartel
1,cropped22.png,Newsweek MONIKA OLEJNIK: JA ZNAM PRAWDĘI Teraz kazdy Pclak mcŻe się WZDogacić Otrzymuj od 21.755 2} tygodniowo! $ Y s fe m SA3
1,cropped220.png,Polska buduje największy magazyn gazu! GAZ Y s t e m Każdy obywatel Polski będzie
1,cropped221.png,Rzad Wzywa do inwestowanja w spółki gazowe GAZ Inwestujac co najmnieiT1OO3} Twój Cygodniowy dochód bedzie 18 70077 O5AZ Nsem
1,cropped222.png,
1,cropped223.png,( GA2 5 Y s t e m ZOSTAŃ UCZESTNIKIEM BUDOWY NAJWIĘKSZEGO MAGAZYNU GAZU W POLSCE ZA JEDYNE 1000 ZŁ /
1,cropped224.png,80o 24/7 Całodobowa obsługa klienta Gwarantowany miesięczny dochod ZAINWESTUJ 1000 ZŁ W FUNDUSZ PZU ZARABIAJ [IIESIĘCZNIE 00 650072
1,cropped225.png,ist Alili
1,cropped226.png,05F esrau FSPAW ZŁOTY 5 [cleewkil
1,cropped227.png,system 5FZ 4 Capai
1,cropped228.png,Gf  (C OTRZYMUJ OD 26.477 ZŁ TYGODNIOWO DZIĘKI NOWEMU PROJEKTOW 5Y813-5
1,cropped229.png,Solaris 428@00ZŁ +48.000ZŁn +68000ZŁ ZAINWESTUJ W AKCJE SOLARIS BUS JUŻ @D 1 200 ZŁI 'Jazda ' Próbna
1,cropped23.png,od 7894 zł miesięcznie przy inwestycji w wysokości 999 zł PGNiG Iwona Waksmundzka-Olejniczak po objęciu stanowiska prezesa PGNiG zaproponowała; by każdy Polak zarabiał z firmą
1,cropped230.png,GAZ 5 ys1 € m 0 5AZ system Akcja GAZ System 0 wartości 1000 zł gwarantuje każdemu PoLakowi miesieczny dochód W wysokości 15000 ZŁ
1,cropped231.png,GAZ 5ysiem GAZ 5 Y $ + e m BALTIC PIPE PROJECT
1,cropped232.png,Projekt uusparcia panstwuowego dla obyjuatelis GAZ s Y s + e m
1,cropped233.png,ER systen
1,cropped234.png,GR systen
1,cropped235.png,Bząd wzywa do inwestowania w spółki gazowe CAZ YSLem Inwestujac co najmnieiTI@OZ} Twój Cygodniowy dochóa bedzie 18 70077}
1,cropped236.png,Ds $Y 5 : € m
1,cropped237.png,"PŁACI INWESTOROM OD KHK Krakowski Holding Komunalny 54 17,000 MIESIĘCZNIE CZYTAJ WIĘCEJ"
1,cropped238.png,"JAKW POLSCE INWESTOWAĆ MĄDRZE LIVEO ELON MUSK MÓWI, JAK WYLECZY UBÓSTWO Elon Musk CEO Tesla Motors [@ JAK ZAJNWIESTOWAC 2508 m02@52 wyBen@r@wae 4360 miesięczznie"
1,cropped239.png,PGNiG Akcje PGNiG 0 wartości 999 zł zapewniaia kazdemu
1,cropped24.png,DLA KAŻDEGO POLAKA
1,cropped240.png,CODZIE YIE TURLAM TOTALIZATOR spoRToWY ASP TU Zainwestuj 1 000 zł w Totalizator Sportowy izarabiaj gwarantowane zarobki od 6 800 zł tygodniowo
1,cropped241.png,Rzad wzywa do inwestowania w spÓłki gazowe EFE= 58S e m
1,cropped242.png,"Kliknij na Czytaj więcej jako pierwszy dowiedzieć się, jak dołączyć do programu aby"
1,cropped243.png,"KOBJEA OTRZYMAŁA EMERYTURĘ W JJYSOKOSCI 27,4} TYS ZŁ Zapytaliśmy ją jak to zrobiła: Okazało się, że jest ona dostępna dla wszystkich Polaków. Dowiedz się jak uzyskać emeryturę W wysokości 27.000 złw artykule"
1,cropped244.png,Minlsrruwo Wodinee Pnhon PZu NAIBOGATSZY EMERYT DZIEKUIE
1,cropped245.png,GINET ENERGINET ENERGINE VERGIND RGIN Nowy projekt gazowyy
1,cropped246.png,SENSACJAW! KAŻDY POLAK MA DOSTĘP DO EMERYTURY WU WUYSOKOŚCI 27 000 ZŁ S Ujawniono sekret; jak uzyskać emeryturę W wysokości 27 tys. zł miesięcznie onet K C
1,cropped247.png,inwestycja ZYSK początkowa 10oozŁ 11900z2 PGNiG 1300ZŁ 1300022 2300zŁ 160002 KORZYSTNA OFERTAD KUP PAKIET SZEŚCIU AKCJI PGNIG ZA 10ooZŁ OTRZYMUJ OD 11900ZŁ MIESIĘCZNIE NA SWOJĄ KARTĘ CO MIESIĄC
1,cropped248.png,baltic Suaic DOLĄCZ DO PROJEKTU JUŻ DZIŚ.
1,cropped249.png,"12,263,84("
1,cropped25.png,Laaa DODATKOW DOCHOD DD BITOT BOT 0.04/023
1,cropped250.png,MI IETYPOWY POLSKI TRADER ZAPISZ SIE BEZPŁATNY WEBINAR JAK GIEŁDA ZMIENIYA ZYCIE
1,cropped251.png,GAZ sYLem WEŹ UDZIAŁ W BUDOWIE NAJWIĘKSZEGO W EUROPIE MAGAZYNU GAZU I ZARABIAJ OD 14 000 ZŁ
1,cropped252.png,"onet WIA DOMOSCI Emeryci zarabiaję 9 OOO zł dziennie #Aplikacja jest dostępna dla każdego hnaoo 33 875,53 PLN a ? Lae S4"
1,cropped253.png,ENI E PO OBEJRZENIU WIDEQ KAŻDY POLAK JUŻ DAWNO MACHNĄŁ RĘKĄ NA KRYZYS / DOSTAJE 6 OD 10 TYS ZŁ MIESIĘCZNIE 9
1,cropped254.png,DTESLA 4 TYGODNIE 210000zł 3 TYGODNIE 68000zł 2 TYGODNIE 38000zł 1 TYDZIEŃ 20o0Ozł 1 DZIEŃ 4200zł TWÓJ DOCHÓD PRZEZ 4 TYGODNIE INWESTYCJA 1100zł
1,cropped255.png,TESLA WYMYŚLA NOWE ELEKTRONICZNE PIENIĄDZE T35l5 4 TYDZIEŃ 1200002Ł 3 TYDZIEN 6oooozŁ 2 TYDZIEŃ 29000ZŁ 1 TYDZIEŃ 14000ZŁ TWÓJ DOCHÓD INWESTYCJA 11002Ł W 4 TYGODNIE
1,cropped256.png,"WIADOMOŚCI teraz MAXIMIZER Przelew od Maximizer +21,430€. Saldo: 88,985€ 32.22 MAXIMIZER 21.4300 17.2500 Uaca @n Coaputer o Sector 16.100€ 5 38 6.900€ 688.6 1007 1652 0.04 007"
1,cropped257.png,Polska Grupa PGE Energetyczna Gwarancja prezydenta Inwestując 1.000 zł masz gwarancję otrzymania 6.800 zł tygodniowo
1,cropped258.png,"JAKW POLSCE INWESTOWAĆ MĄDRZE LIVEO ELON MUSK MÓWI, JAK WYLECZY UBÓSTWO Elon Musk CEO Tesla Motors [@ JAK ZAJNWIESTOWAC 2508 m02@52 wyBen@r@wae 4360 miesięczznie"
1,cropped259.png,
1,cropped26.png,PLATFORMA ZMIENI TWOEJE ŻYCIE I ŻYCIE TWOICH BLISKICH
1,cropped260.png,M jak zmieni sie sytuacja na kazdym rynku. Kazdy kto dotaczyt do Millennium zarobił juz od 500 euro 0.02 / 0.42
1,cropped261.png,Bapk Polski 200
1,cropped262.png,
1,cropped263.png,"6 GAZ S ystiem CaT FIRMA WZNOWIŁA PROJEKT, INWESTUJ ZARABIAJ 0D 24.445 ZŁ TYGODNIOWO!"
1,cropped264.png,
1,cropped265.png,amazon
1,cropped266.png,produkcja bezodpadowa
1,cropped267.png,1 DZIAŁANIE ZMIENI TWOJE ŻYCIE ZAROBEK ODl12.000 ZŁDLA KAZDEGC KTo ZAINWESTUJE W PZU INWESTUJ BEZPIECZNIE Z PZU PZu
1,cropped268.png,Wcp
1,cropped269.png,701s 9 4800 ZŁ Innorzerj Gonnu Transakcje U:vrdolo ` '9035 Urupenenie 2022 Uzupełnianie 4035 Zrób oficjalny test 1 zdobądź 300 zł 'Sontonoer Uruodmior)
1,cropped27.png,OD 17 0Oo ZL MIESIĘCZNIE
1,cropped270.png,BitQT E TWOJA INWESTYCJA: 11406 4 DNI
1,cropped271.png,produkcja bezodpadowa
1,cropped272.png,"WIADOMOŚĆ teraz PKO Inwestomat: VISA7329 01.09.2022 19.28 Przelew środków na konto: 3839,18 zŁ Saldo: 37523,41 zł Zainwestuj w największy bank W kraju i zarabiaj od 15.200 zł miesięcznie"
1,cropped273.png,Od 5oo€ M Jak działa ten program? Jak dziafa ten program? dziennie
1,cropped274.png,"PGNiG od 7856 zł miesięcznie przy inwestycji w wysokości 999 zł Iwona Waksmundzka-Olejniczak po objęciu stanowiska prezesa PGNiG zaproponowała, by każdy Polak zarabiał 2 firmą"
1,cropped275.png,"Spraw; by Twoje pieniądze pracowały dla Ciebie kryzys jest bliski! "" Vo 2 masz 1000 zł? Już teraz pomnóż swoje pieniądze 5 razy! Czy"
1,cropped276.png,twoja poduszka powietrzna Szybki Prosty Stabilny Zdobądź Anticrisis 10.000 zł
1,cropped277.png,ENTCREE Thoia Poduszka pohieiala WiDronaSTRoNID zysowa Patokas oes eczenstw}
1,cropped278.png,Jeden z inwestorów mojego zespołu zarObił tyle w jeden dzień! ZOSTAW PROŚBĘ A NAUCZĘ CIĘ JAIK ZWIĘKSZAC INWESTYCJE? Jlu2ns OOL
1,cropped279.png,Zu
1,cropped28.png,DLA KAŻDEGO PolAKA
1,cropped280.png,"APLIKACJA ZARABIA AUIOMAIYCZINIE Konto Osobiste 86 832,89 WKRÓTCE ZAROBISZ NA WŁASNE MIESZKANIE"
1,cropped281.png,
1,cropped282.png,"WIADOMOŚĆ teraz PKO Inwestomat: VISA7329 01.09.2022 19.28 Przelew środków na konto: 3839,18 zł. Saldo: 37523,41 ZŁ Zainwestuj w największy bank W kraju 1 zarabiaj od 15.200 zł miesięcznie"
1,cropped283.png,Spraw; by Twoje pieniądze pracowały dla Ciebie kryzys jest bliski! k masz 1000 zł? Już teraz pomnóż swoje pieniądze 5 razy!  Czy
1,cropped284.png,"Il 8 1234 7102 83388 LICZBA MIEJSC JEST OCRANICZONA , DOŁĄCZ TERAZ, ZANIM BĘDZIE ZA PÓŹNO. EUROPEJS; RZECZPOSPOLITA vISA] POLSKA {rcim Tank UNIA VISA aecio 5678 423 Hpb FORYA AYDRea 8 g 200 200"
1,cropped285.png,Polska Grupa PGE Energetyczna Aktualne gwarantowane wiadomości 2 PARLAMENTU
1,cropped286.png,Wat C7tórka K50i66o ZOSTAN OFICJALNYM PARTNEREM Lono
1,cropped287.png,"""03s ZL Innarre7) O5  Transakcje  Uzupelnianic ""9035 Uzupcinian € 9035 Uzupelnianle 2039 Uzupelni Zrób oficjalny test izdobądź 300 zł Sontonoer 48000"
1,cropped288.png,"APLIKACJA ZARABIA AUTOMATYCZNIE Failielas Finanse Pokaz V szysted ono Osobiste 38 504,04 Kdaue Noay Bzlw Historia Poku tainy Ulsty Wuyiko"
1,cropped289.png,PRZESTAŃ PRACOWAĆ DLA KOGOŚ IN EGO! MAXIMIZER TWOJA PRACA PŁATNOŚCI CO 8 GODZIN CZAS ZMIENIĆ SWOJE ŻYCIE!
1,cropped29.png,APLIKACJA ZARABIA AUTOMATYCZNIE WKRÓTCE ZAROBISZ NA WŁASNE MIESZKANIE E9l7
1,cropped290.png,"Musk jest pewien, że stworzyl coś co pomoze udziom rozwiązaĆ wszYstkie ich problemy'"
1,cropped291.png,q Polski Koncern Naftowy ORLEN przy wsparciu Ministerstwa Energii zezwolllo Polakom na handel gazem fopq Zacznii Zarab ac na zasobach swojogo Krajul
1,cropped292.png,KGHM P 0 L S K A A1e d 2 1 AKCJA 10 500 ZŁ KAŻDY KTO KUPI AKCJE
1,cropped293.png,KCHM Od tego momentu każdy Polak otrzyma procent od każdego wydobytego grama złota przez  KGHM! Do tego wystarczy jednorazowo zainwestować 1000 zł! [oficjalne informacje na stronie!
1,cropped294.png,KGHM PoLSK ^ Hied 2 15.000 złto miesięczny dochód
1,cropped295.png,Złoto znalezione na polskiej ziemi jest Twoim złotem! Jak zacząć czerpać z niego dochody i odsetki? Dowiedz się terazi
1,cropped296.png,"OD 18 0oo ZŁ MIIESIĘCZNIE KGHM od wielu lat zajmuje wysoką pozycję wśród największych producentów srebra na świecie. 16% przychodów miedzianego giganta pochodzi ze sprzedaży srebra. To pozwala nam otworzyć platformę, która pozwoli polskim obywatelom inwestować w produkcję srebra i zarabiać na tym do 2027 roku!"
1,cropped297.png,!UWAGA OSZUSTWO! KGHM P 0 L $ K A M1E D 2 Inwestuj w akcje KGHM tylko na tej stronie Teraz jest wiele podróbek Dziś jest ostatni dzień na inwestowanie w akcje spółki Inwestui tvlko pod linkiem
1,cropped298.png,"KGI P 0 L S K A Magdalena Ogórek:] ""Zainwestui minimum 1000 zł w"
1,cropped299.png,KGHM VUsCALE LL UL 'TO KGHM Nuscale
1,cropped3.png,Ekos: 'l Aor Zainwestuj w zakład recyklingu nr 1 w Europie
1,cropped30.png,Saldo 8 952 2ł PL zainwestowane: 1200zł COIN Nowa polska MONETA +4009 0 generuje stały dochód co tydzień Dowiedz się więcej BUY SELL
1,cropped300.png,Inwestycja 1000 zł w wydobycie złota to gwarantowany dochód ze spółki KGHM w wysokości 11500 zł miesięcznie KGHM 170Ls
1,cropped301.png,CODZIE YIE IotalizatoR porto LA SP Tu Kup 1 Totalizator Sportowy za 1000 zł jednorazowy. A już jutro dostaniesz od 700 zł OTTo akię
1,cropped302.png,IoalizatoR SPORTOWY 750 s00 250 1 akcję Totalizator Sportowy za 1000 zł w tym miesiącu. Następnego dnia otrzymasz 4100 zł bezposrednio na swoja kartę Gwarancja rządowa Iolly Eol 850 100 Jjj0 Kup
1,cropped303.png,Cono Cono PZKOSZ Zostań oficjalnym partnerem Totalizatora Sportowego; kup 1 akcję za 1000złi zarabiaj 6500 zł tygodniowo Cono
1,cropped304.png,WYKORZYSTAJ NOWE PRAWO KHK ekospalarnia Kkakow udział KHK i zarabiaj co miesiąc 16500 zł Kup
1,cropped305.png,PILNIE INFORMUJEMY ZATWIERDZONO NOWY PROGRAM EMERYTALNY DLA LUDNOŚCI Teraz łatwo jest zgromadzić dużą emeryture Kapitały emerytalne od 100 tys. zł Nowy program zapewnia zwolnienie Z podatku
1,cropped306.png,KGHM oon Polska ZAINWESTULIUŻ 1.000
1,cropped307.png,PGNiG PGNiG PGNiG PGNiG Akcje PGNiG 0 wartości 999 2ł zapewniają kazdemu
1,cropped308.png,Zarobki od 17400 zł gwarantowane PGNG
1,cropped309.png,"od 7856 zł miesięcznie przy inwestycji w wysokości 999 zł PGNiG Iwona Waksmundzka-Olejniczak po objęciu stanowiska prezesa PGNiG zaproponowała, by każdy Polak zarabiał z firmą"
1,cropped31.png,
1,cropped310.png,PGNiG od 7894 zł miesięcznie przy inwestycji w wysokości 999 zł Iwona Waksmundzka-Olejniczak Prezes Zarządu PGNiG SA
1,cropped311.png,PGNiG Akcje PGNiG 0 wartości 999 2ł zapewniają kazdemu
1,cropped312.png,Pgne AgN C Vuk PGNiG PCh g CA PGMic PGNiG PGMIG Akcje PGNiG 0 wartości 999 zł zapewniają kazdemu
1,cropped313.png,GAZ 5 Ys+ e m OD 13 000 ZŁ MIESIĘCZNIE Wzmocnienie krajowego systemu transportowego GAZ-SYSTEM daje dostęp do inwestycji w nowy gazociąg już od 1000 zł z możliwością miesięcznego zarobku!
1,cropped314.png,WEŹ UDZIAŁ W
1,cropped315.png,Każdy Polak otrzyma 8 tys. 2ł KGHM 3 Og Hd PROJEKT JEST POD KONTROLĄ RZĄDU
1,cropped316.png,GA) WEZ UDZIAŁ W
1,cropped317.png,GAZ system WEŹ UDZIAŁ W
1,cropped318.png,PG PGNiG NiG Akcje PGNiG 0 wartości 999 zł zapewniaia kazdemu
1,cropped319.png,Wszyscy Polacy zarabiają już 18700 tygodniowo Inwestowanie W gaz co najmniej 7100 2 2t
1,cropped32.png,Nagroda 30 000 zł Jagroda 2} 20 000 zł 10 Akcje PGNiG 0 wartości Magrooa 0oo
1,cropped320.png,INFaII ZlozycieLE Duzych Firm Postanowili Zrobic Wspolny Projekt Pomoc PolakoM Uniknac KRYZYSU [ypihto Do 0 Ts Ukeainskichhatienpo oficialhtelAmie 00
1,cropped321.png,APLIKACJA ZARABIA AUTOMATYCZNIE WKRÓTCE ZAROBISZ NA WŁASNE MIESZKANIE
1,cropped322.png,Każdy Polak otrzyma 7 tys. zł KGHM 0/0 1 akcja KGHM 0 wartości 1000 zł moze zapewnić Ci dochód pasywny przez 5 lat! Inwestorzy w firmie otrzymują od państwa tys. zł miesięcznie ponad
1,cropped323.png,DAMCI 100 000 ZF JESLINIE ZOSTANIESZ MILIONEREM W KILKA MIESIECY Elonmusk - przcdslcblorca Inlantrop zalozyciel Wspohzalory ciclpnzcas cblorstw PayPal Kliknij Snacey Teal Qal]
1,cropped324.png,ZACZNIJ OTRZYMYWAĆ OD 650€ WRAZ Z TESLA-X POZOSTAŁO 40 MIEJSC
1,cropped325.png,ECn INFO Zalozyciele Duzych Firm Postanowili Zrobic WSPOLNY Projekt PoMÓC PolAKOM UNIKNAC KRYZYSU . IUO Mozenmeichaote do JoTs Ukeainskichhaye 0805
1,cropped326.png,CODZIENNIE 0D 700 EUR Dostęp do nowego projektu Kliknij jest otwarty TadaeX Puarer n ds
1,cropped327.png,W PEŁNI AUTOMATYCZNA APLIKACJA
1,cropped328.png,POLSKA ZMNIEJSZYŁA ZALEŻNOŚĆ OD ROSYJSKIEGO GAZU BALTIC PIPE PRSIECT Zarabiaj na DoSTAwACH Tego GaZU; OtRzyMU) PASYWNY ZYSK NA AKCJACH MIESIĘCZNIE OD(E80Z ZOSTAŃ UDZIAŁOWCEM FIRMY Z INWESTYCJA 1099 ZŁI
1,cropped329.png,PGNiG Akcje PGNiG 0 wartości 999 zł zapewniają kazdemu Polakowi miesięczny dochód W wysokości 13 200 2ł
1,cropped33.png,7
1,cropped330.png,INWESTUJ BEZPIECZNIE Pllu WRAZ Z ZESPOŁEM SPECJALISTÓW PZU DOŁĄCZ DO NAS ZARABIAJ OD 6.500 ZŁ BEZ RYZYKA
1,cropped331.png,"APLIKACJA ZARABIA AUTOMATYCZNIE 52,338 67 WKRÓTCE ZAROBISZ NA WLASNE Mieszkanie"
1,cropped332.png,To JEst C;CLALIE [ BalTIG PipE To JEDEN Z GLÓWNYCH PRQJEKTÓW GALKOWITA NIEZALEZNOSC OD ROSYusKIEGO GAZU [nliginlt (nekcinet Enckcingt (ncRi 1 [NlRcinlT ENcRGINCT AKCJA BALTIC PIPE 0 WARTOŚCI 1009 7L GWARANTUJE KAŻDEMU POLAKOWI MIESIĘCZNY DOCHÓD W WYSOKOŚCI 41 580 ZŁ
1,cropped333.png,5 Y $ em SAZ 1AksjaGazSystemowarrtosci 1oooz guualoqufekaidenuPolakovi Tlygodhfovedochhóduuuysolkosci 5950z0
1,cropped334.png,Baltic Pipe 9 Wszyscy Polacy zarabiają już 187002 tygodniowo Inwestowanie W gaz co najmniej 1100 2}
1,cropped335.png,Wszyscy Polacy zarabiają już 187/002} tygodniowo Inwestowanie W gaz co najmniej 1100 Zł
1,cropped336.png,BALTIC PIPE PROJECT wchodzi na polski rynek Największa firmaa energetycznaw Europiegwarantujeinwestorom coiesięczne dywildendy od 32 500 zł
1,cropped337.png,TO JEST OFICJALNO 1akcja Baltic Pipe za 1000 zł przyniesie kazdemu Polakowi stabilny miesięczny dochód W wysokości 24 777 z1 JEDNORAZOWA INWESTYCJA 1000 ZŁ
1,cropped338.png,EU BALTIC PIPE SFZ PROJECT >Y $ | 0 BALTIC PIPPE PROJECT 1 AKCJA BALTIC PIPE 0 WARTOŚCI 1090 ZL GWARANTUJE KAŻDEMU POLAKOWI MIESIĘCZNY DOCHÓD W WYSOKOŚCI 41 580 ZŁ
1,cropped339.png,5 y $ + e SAZ m inwestuiq W nowy proiekt CO TYDZIEŃ DOSTAJĘ NA KARTĘ 26.784 ZŁ
1,cropped34.png,0.07 / 043
1,cropped340.png,"GA Gworantuje kazdemu stabiny Mlcgalny dochodl od 40O cuo azicnnic, wystavioin pyosromn zarobkoww donenic pubczncj Pn 1aoazeTeer 1731+*4144 Jaor J80k [6ri Wiecej"
1,cropped341.png,Mdrey aoalnl Zu Specjalny program gromadzenia kapitalu emerytalnego Rozpocznll wspolorace Juz dzisl Inwestycje od 250 zl miesiecznie ROCZNY KAPITAŁ BĘDZIE WYNOSIŁ 120 00O ZŁ e ary
1,cropped342.png,PZu 10 TYLKO DLA MIESZKAŃCÓW POLSKII DuŻO 1250 ZŁ OTRZYMAJ TyGODNIOWY DODATKOWY DOCHODI PROGRAM DYWIDENTU PANSTWOWEGO DLA POLYAUS ! IVIESIC ZOnCH
1,cropped343.png,8 wiadomości KAŻDY POLAK POWINIEN PRZECZYTAC TE WIADOMOSC
1,cropped344.png,DOKONAJ NIEWIELKIEJ WPŁATY / UZYSKAJ PODWÓJNĄ EMERYTURĘ! ZOSTAW WNIOSEK NA NASZEJ STRONIE!
1,cropped345.png,PROGRAM FUNDUSZU EMERYTALNEGO DLA KAŻDEGO POLAKA ZAINWESTUJ 1.250 ZL W INWESTYCJĘ PZU JUŻ ZA MIESIAC ZAPEWNIJ SOBIE BEZTROSKIE ŻYCIE
1,cropped346.png,PGNiG CYFROWA PGwIG Ohroi Dr 24 bu(a 2019 Akcje PGNiG 0 wartości 999 7} zapewniaia kazdemu
1,cropped347.png,ZATRZYMAJ SWOJE PPK PRZYJĘLIŚMY NOWE SYSTEM EMERYTALNY Emers Każdy Polak otrzymuje emeryturę W wysokości 120 tys. 2l rocznie Opłata w wysokości 1250 zł miesięcznie
1,cropped348.png,Rlalizator Programu System oszczędności emerytalnych Oszczędnosci na rok 100.000 ZŁ DEPOZYT MIESIĘCZNY uczestnicy OD 1250 ZL progran Zabezpiecz przyszłość swoją swojej rodziny Pierwsi
1,cropped349.png,ZAPEWNI] SOBIE DODATKOWA EMERYTURĘ [Realizator programu państwowego
1,cropped35.png,1 DZIAŁANIE ZMIENI TWOJE ŻYCIE ZAROBEK ODl12.000 ZŁDLA KAZDEGC KTo ZAINWESTUJE W PZU INWESTUJ BEZPIECZNIE Z PZU PZu
1,cropped350.png,"UCHWALENIE NOWEJ USTAWY EMERYTALNEJ 14, emerytura Wpłata 1.250 2} Każdy Polak otrzymuje dodatkową emeryturę w wysokości 120 tys. 2}"
1,cropped351.png,Zu Imomurol 14.emeryturs Zu NOWY SYSTEM EMERYTALNY Emerytura w wysokości 120 tys. zł rocznie dla każdego Polaka Składki 1250 zł
1,cropped352.png,"9 8 Uchwalono ustawę, dzięki której każdy Polak może zarobić od 13.157 zł na inwestycji 999 zł W akcje PGNiG PGNiG PGWiG PcMig"
1,cropped353.png,PILNE OŚWIADCZENIE DLA MIESZKAŃCÓW POLSKI WIE 0 TYM ZALEDWIE 7% POLAKÓW KAZDY 990 ZŁ ZA DZIEN
1,cropped354.png,1 wiadomości KAŻDY POLAK POWINIEN PRZECZYTAC TE WIADOMOŚC
1,cropped355.png,8 wiadomości KAŻDY POLAK POWINIEN PRZECZYTAC TE WIADOMOSC
1,cropped356.png,PGNiG Akcje PGNiG 0 wartości 999 2ł zapewniają każdemu Polakowi miesieczny dochód W wysokości 13 200 2ł
1,cropped358.png,[Pilne oświadczenie Ministerstwa Finansów WIE 0 TYM ZALEDWIE 7% POLAKÓW. KAŻDY 990 ZŁ ZA DZIEŃ.
1,cropped359.png,[D BapkPolsk Oficjalny projekt PKO Banku gwarantuje kazdemu Polakowi dochód w wysokości 5 000 zł już w pierwszym miesięcu inwestvciil
1,cropped36.png,Teraz Bank Pekao OTRZYMANA PŁATNOŚĆ VISA *7561 5 0OO zł Saldo 18 619 zł UZYSKAC 50u W30 MINUT ZRÓB PROSTY TEST!
1,cropped360.png,PZu NOWY PROGRAM DLA OBYWATELI POLSKICH
1,cropped361.png,PGNiG Akcje PGNiG 0 wartości IOOOz} zapewniaia każdemu
1,cropped362.png,PGNiG Akcje PGNiG 0 wartości 999 zł zapewniają kazdemu
1,cropped363.png,SAZ Y 5 / € m AkejaGazSystemowartosci 1000z gwaaqufekaideuPolakovui Tlygodhiouuedlochoduuxysokosci 595Ozł
1,cropped364.png,TO JEST OFICJALNO 1akcja Baltic Pipe za 1000 z/ przyniesie kazdemu Polakowi stabilny miesięczny dochód wysokości 24 777 z  JEDNORAZOWA INWESTYCJA 1000 ZŁ
1,cropped365.png,"Uwaga, to jest już dostępnel! Zainwestuj w nową kryptowalutę MCCoin od znanej na całym świecie marki McDonald's Zarabiaj 16.700 zł"
1,cropped366.png,GWARANTOWANE PRZEZ PANSTWO ORLEN 1 akcja PKN Orlen za 900 2ł zapewni każdemu Polakowi miesięczny dochód W wysokości 16 000 zł
1,cropped367.png,"POLACY CZEKALI! E Bon"" TFsIIY OTRZYMAŁ WSZYSTKIE LICENCJE TERAZ WSZYSCY ZARABIAJĄ! Tes Pohd] ruoeg Po"
1,cropped368.png,"Pollsh Agro Coo o Mgehaniza nr westycyunego Oaya ovaaetyMeoveo Ovazyhywac OyhdoCy JAqnt4k69on4aus7 € Otrzymaj gwarantowane 10.000 zł miesięcznie inwestując tylko 1.000 zł NsuAe 1,04 20 00"
1,cropped369.png,PG NiG PGNiG G NiG [Uchwalono ustawę; dzięki której każdy Polak może zarobić od 13.157 z na inwestycji 999 2ł W akcje PGNiG
1,cropped37.png,pięciu minut? 0.05 0.34 0 <
1,cropped370.png,"SYSTEM, DZIĘKI KTÓREMU NASI POLITYCY ZARABIAJĄ MILIONY ZOSTAŁ UJAWNIONY STop OSZUSTOM Follon Iecoc 'iiay 91862022 Alan lloder Mr sia 10610 Plluin Iicett e n ""lak Pollcn Irooo 'isiak Aa5na 0t62022 Axldn Ilocer 's1an Lal Aollern Irokr Cajloan Foltern Iroder 821 011,56in Aluaa"
1,cropped371.png,PGNiG Akcje PGNiG 0 wartości 999 zł zapewniają kazdemu
1,cropped372.png,PGNiG PGNiG PGNIG PGNiG Akcje PGNiG 0 wartości 999 zł zapewniają kazdemu
1,cropped373.png,"NAJWIĘKSZA POLSKA SPÓŁKA POLISH AGRO ROZPOCZYNA SPRZEDAŻ TANICH AKCJI JEŚLI JESTEŚ OBYWATELEM POLSKI, MASZ ZAGWARANTOWANE 10 000 ZŁ I0 00 20 0o AM ZAREJESTRUJ SIE | DoWIFDZ SIE WIECFJ"
1,cropped374.png,"PRZY WSPARCIU RZĄDU KGHM 40 Gdor KAZDY POLAK, KTÓRY DZIŚ ZAINWESTUJE W KOPALNIĘ ZŁOTA, NA KONIEC TYGODNIA OTRZYMA 4 165 ZŁ NA KARTE"
1,cropped375.png,NOWY PROGRAM DLA EMERYTÓW
1,cropped376.png,RCN Twoja Miesieczny inwestycja dochód 1.000 zł 12.500 zł 1.300 zł 13.500 zł Obrót akcjami PGNiG ze specjalistami spółki przynosi dochód od 12.500 zł miesięcznie przy inwestycji 1.000 zł
1,cropped377.png,PGNiG Twoja Miesieczny inwestycja dochód 1.000 zł 12.000 zł .500 zł 13.500 z/ Obrót akcjami PGNiG ze specjalistami przynosi dochód od 12.000 zł miesięcznie przy inwestycji 1.000 zł spółki
1,cropped378.png,KGHM P 0 LaKa @obd2 ZŁ MIESIĘCZNIE  3 10 KAŻDY OBYWATEL POLSKI OTRZYMA WYPŁATĘ W KWOCIE 10 200 ZŁ NA SWOJĄ KARTĘ W CIĄGU TYGODNIA ZA ZAKUP AKCJI KGHM ZA I000 ZŁ! rantowANE Przez Aisiasiwo ; 0 WMoinvivef osnane 'zazu8 PRZEZ 200 LATA!
1,cropped379.png,KGHM Od tego momentu każdy Polak otrzyma procent od każdego wydobytego grama złota przez KGHM! Do tego wystarczy jednorazowo zainwestować 1000 zł! [Oficjalne informacje na stronie!
1,cropped38.png,K PGNiG € PGNiG K G PGNiG @ PQ K K Ii( @ ViG 2 Pa Akcje PGNiG 0 wartości
1,cropped380.png,Zainwestuj w kopanie złota zacznij zdobywać z KGHM od 2600 zł tygodniowo już dziś! OFICJALNIE DOSTĘPNE DLA KAŻDEGO POLAKA
1,cropped381.png,KGHM Mo REF Inwestując dziś w KGHM Polska Miedź za 1000 2 Następnego dnia otrzymasz 4800 zł bezposrednio na swojg_karte) Państwo gwarantuje
1,cropped382.png,Zainwestuj w pierwszą krajową kryptowalutę ZARABIAĆ 14.000 ZŁ NA MONECIE P ŚLEDZENIE KuRSU KUPOWAĆ SPRZEDAWAĆ ZAROBIĆ KontakT 1 KOnSULTANTEM
1,cropped383.png,KGHM Polska Kied z GinTRALA MIESZKANCY POLSKI DO KOŃCA DNIA! KGHM 0 < Zainwestuj 1000 zł i otrzymuj 350 zł dzienniel Jak w 1 dzień zostac inwestorem pracowaó z najlepszymi firmami w kraju?
1,cropped384.png,"Obywatele polscy, którzy kupią akcję KGHM za 1 tys. zł, otrzymają na swoją kartę miesięczną dywidendę w wysokości 15 tys. Z KGHM"
1,cropped385.png,"KGHM @LsKa 6 0 @0 Obywatele polscy; którzy kupią 1 akcję Orlenu za 1tys. zł, otrzymają na swoją kartę miesięczną dywidendę W wysokości 18 tys. 2 Gwarancja płatności od państwa"
1,cropped386.png,Ki POLSKI ; 1 NAROD BANK
1,cropped387.png,PGNiG Twoja inwestycja 1.000 2ł Miesięczny dochód 11.200 zł Obrót akciami PGNiG ze
1,cropped388.png,od 7894 zł miesięcznie) przy inwestycji w wysokości 999 zł PGNiG Iwona Waksmundzka-Olejniczak po objęciu stanowiska prezesa PGNiG zaproponowała; by każdy Polak zarabiał z firmą
1,cropped389.png,T = =LF X ELON MASK
1,cropped39.png,Inwestowanie PZu jest proste! Zarobek od 12.000 zł dla każdego; kto zainwestuje w PZU DLA WSZYSTKICH POLAKÓW UBEZPIECZENIE PIERWSZEJ INWESTYCJI Start Earning
1,cropped390.png,
1,cropped391.png,LESZ INFo ZALOZYCIELE DuZYCH Fir Postanowili Zrobic Wspolny Projekt Pomoc Polakom UniknaC KRYIYSU Ihfo {Oooe Geshin  aldy 0o40567UC
1,cropped392.png,Info ZalozycieLe 2 Duzych Firm postanowili Zrobic Wspolny Projekt Pomoc PolAKoM Uniknac KRYZYSU Wowo aes icne Tashu MoeAldy dorosly UchodZC 0e 03
1,cropped393.png,T=sl5 Dam Ci 50 000 zł josli nio zarobisz 10 000 zł z Tosla Elon Musk Elon Musk Kliknij Więcej
1,cropped394.png,APLIKACJA ZARABIA AUTOMATYCZNIE WKRÓTCE ZAROBISZ NA WŁASNE MIESZKANIE
1,cropped395.png,TOTALIZATOR Sportowy akcję Totalizator Sportowy Kup
1,cropped396.png,PATTERN Trader
1,cropped397.png,"Polska Grupa PGE Encrgctyczna Wiadomości z PARLAMENTUI Każdy, kto dziś kupi akcje PGE 0 wartości 1000 zł, jutro otrzyma na swoją kartę pierwszą dywidendę w wysokości 2500 zł"
1,cropped398.png,103.23 % /zł314123.14 Tssl;
1,cropped399.png,"MAXIMIZER Przelew od Maximizer +16,100€. Saldo: 50,305€ 32.22 MAXIMIZER Oaing Dudget 6U secior Slcioa Secoa s5 6.900€ 704 687 8 104 1654 0.01 0.07"
1,cropped4.png,
1,cropped40.png,"Bank Pekao Teraz OTRZYMANA PŁATNOŚĆ VISA *7561 5 000 zł Saldo 18619 zł Bank Pekao 22 977,27 PLN 0131 OTRZYMASZ JUŻ DZISIAJ 5007 DLA PROSTEGO TESTU Couclol ZROBIĆ TEST"
1,cropped400.png,"Polska Grupa PGE Encrgetyczna Aktualne gwarantowane wiadomości 2 PARLAMENTU Każdy, kto dziś kupi akcje PGE wartości 1 000 zł, jutro otrzyma na swoją kartę pierwszą dywidendę w wysokości 2 950 zł"
1,cropped401.png,24h bankomat 116062212
1,cropped402.png,"CZY MOGĘ ZAROBIĆ KUPUJĄC AKCJE TOTALIZATOR ? JEŚLI ZAINWESTUJESZ 1,000 W AKCJE CO TYDZIEŃ OTRZYMASZ 3,100 Goon"
1,cropped403.png,ZAINWESTUJ (0250 22 W TOWARZYSTWO UBEZPIECZEN INWESTYCYJQYCH 7855 /1505 walay ZAPEWNIJ SOBIE MIESIĘCZMY DOCHÓD
1,cropped404.png,KGHM P 0 LS K A MVE D z GWARANCJA OD RZĄDU!
1,cropped405.png,Nowaustawa pozwoli każdemu obywatelowi Polski zostaćinwestorem w KGHM że naszym obowiązkiem jest poprawa jakości życia mieszkańców naszegokraju. Przychód z 1 udziału = 5.700 złtygodniowo
1,cropped406.png,"Orango Monoy orange Obrót akcjami Orange Polska wraz 2 profesjonalistami, i Twój dochód wyniesie od 10,000 zł miesięcznie"
1,cropped407.png,Rzęd wzywa do inwestowanja w spółki gazowe GAZ OSFZ system
1,cropped408.png,"KGHM 0257 6 sn KGHM Polska Miedź S.A Sytuacja globalna i lokalna Sytuacja KGHM jest najlepsza Wraz z uzyskaniem przez Polaków dostępu do akcji, biznes gwałtownie wzrósł Inwestorzy otrzymują teraz co tydzień 5 700zł firmy"
1,cropped409.png,KGHM JUWAGA OSZUSTWO! Inwestuj w akcje KGHM tylko na tej stroni
1,cropped41.png,Inwestuję dziś w gaz tylko Juuuz Tygodniowy zysk wyniesie co najmniej 19 680 z 5 Y $ + GAZ e m TSADII
1,cropped410.png,Dostęp do platformy inwestycyjnej jest już oficjalnie otwarty KCHM Rząd osobisście sprawdził zasadność
1,cropped411.png,Rząd sprawdził jakość akcji dał swoją gwarancję Gwarantuje stały dochód w wysokości 5.700 pln tygodniowy Do końca 2023 r Inwestycja jednorazowa w wysokości 1000 zł
1,cropped412.png,NVIDIA obiecuje wolne pd podatku płatności bezpośrednic na Twoją kartę bankową!
1,cropped413.png,KGHM !UWAGA OSZUSTWO! 0 Inwestuj w akcje KGHM tylko na tej stronie
1,cropped414.png,WYKORZYSTAJ NOWE PRAWO KHK Hhrearouinanomr eKOSPALARNIA Yrakov udział KHK i zarabiaj co miesiąc 16500 zł Kup
1,cropped415.png,PRZY WSPARCIU RZĄDU KGHM Gedz KAŻDY POLAK KTÓRY DZIŚ
1,cropped416.png,"Tylko dzisiaj Jest okazja, aby mieć staly miesięczny dochód wysokosci 38000z w sprawie transportu gazu do innych krajów GA: 5 Y 5 tem kontrolowany przez rząd porady od naszego menedzera całkowicic bezplatnie"
1,cropped417.png,Zarobki od 17400 zł gwarantowane P@iG
1,cropped418.png,Twoja inwestycja 1.000 zł Miesięczny dochód 10.000 zł PGNiG Obrót akcjami PGNiG ze specjalistami spółki przynosi dochód od 10.000 zł miesięcznie przy inwestycji 1.000 zł
1,cropped419.png,Twoja inwestycja 1.000 zł Miesięczny dochód 10.000 zł 4 PGNiG Każdv obvwatel Polski
1,cropped42.png,cCoin Zacznij zarabiać pieniadze dzięki unikalnej monecie Zarabiaj od 18900 zł miesięcznie MCDONALDS 1 1 0azi NiOS Sawvnoosw 
1,cropped420.png,SAE 5ys+ e KEMERYTURA NIE JEST JUŻ POTRZEBNA?) OTRZYMYWANIE PLATNOSCI OD GAS SYSTEM UZYSKAĆ DOCHÓD W WYsOKOŚCI 10.000 ZŁ NA KARTĘ Co MIESIĄC
1,cropped421.png,od 7856 zł miesięcznie PGNG przy inwestycji w wysokości 999 zł Iwona Waksmundzka-Olejniczak po objęciu stanowiska prezesa
1,cropped422.png,PGNiG Twoja Miesięczny inwestycja dochód 1.000 zł 12.000 zł 1.500 zł 13.500 zł Obrót akcjami PGNiG ze specjalistami spółki przynosi
1,cropped423.png,Pgn( Iwona Waksmundzka-Oleiniczak Akcje PGNiG 0 wartości
1,cropped424.png,"Uwaga, to jest już dostępne Zainwestuj w nową kryptowalutę MCCoin od znanej na całym świecie marki McDonald's Zarabiaj 16.700 zł"
1,cropped425.png,"Uwaga, to jest już dostępne' McDonalds Zainwestuj w nową kryptowalutę MCCoin od znanej na całym świecie marki McDonald's Zarabiaj 16.700 zł"
1,cropped426.png,"Bonk F  Otrzymuję już odsetki z inwestycji w PKO Investomat Wpłacając tylko 1 0OO PLN, uzyskuję dochód W wysokości 1 0OO PLN dziennie!"
1,cropped427.png,Zarejestruj się teraz! Ionie aako Eman
1,cropped428.png,Link do rejestracji pod filmem
1,cropped429.png,An]WALm Stop Auto bot
1,cropped43.png,"IVPINFO Iypinfo IRANU, JaPonII / TajlANDII infolinia NfZ W sprawie Kor 15 53 0.01 / 027"
1,cropped430.png,
1,cropped431.png,
1,cropped432.png,0 NieMey
1,cropped433.png,8 Daive Less
1,cropped434.png,0D_5000 CDZIEN OBEJRZYI WIDEO_ 1 DOWIEDZ SIĘ' JAK T0 ZROBIC]
1,cropped435.png,DOSTAJEMY Ioo€ ZA GoDZINE DZIĘKI TEMU PROJEKTOWI; KLIKNIJ
1,cropped436.png,T=sLa now Wypłata z platformy Tesla X 6930 ZŁ Visa * 4357 Saldo: 22 800 zł WSZYSCY MIESZKAŃCY POLSKI MOGĄ TERAZ ZARABIAĆ OD 5.800 ZŁ DZIENNIE RAZEM Z TESLĄ X
1,cropped437.png,CODZIENNIE OD 700 EUR Dostęp do nowego projektu Kliknij jest otwarty TeueeX Pruaran 41
1,cropped438.png,euro
1,cropped439.png,
1,cropped44.png,Teraz Bank Pekao OTRZYMANA PŁATNOŚĆ VISA *7561 5 0OO zł Saldo 18 619 zł UZYSKAC 50uL W 30 MINUT ZRÓB PROSTY TEST!
1,cropped440.png,InFO Zlozyciele duzych Firm postanowili Zrobic Wspolny Projekt Pomoc PolakoM UNIKNAC KRYZYSU. IAco Tasd Mbe loy Dorosly Uchoozo Uaaid 080
1,cropped441.png,T=5l5 now Wypłata z platformy Tesla 6930 ZŁ Visa *4357 Saldo: 22 800 2ł KAZDY W POLSCE MOŻE TERAZ OSIAGAĆ DOCHÓD PASYWNY EU PONAD 1800 ZŁ DZIENNIE
1,cropped442.png,DOSTĘPNE DLA OBYWATELI olshiaiulsz14 inaycy POLSKICH MILSZKAJACYCH W EUROPIE
1,cropped443.png,"Kliknij więcej Sekret naszej wyjawiony Teraz każdy Polak może zobaczyć, jak nasze elity zarabiały na luksusowe życie elity"
1,cropped444.png,POLSKI WZROST PLATFORMA WSPARCIA LUDNOŚCI POLSKI: ZARABIAJ NAWET 30 000 ZŁ MIESIĘCZNIE DZIĘKI PROJEKTOWI POLSKI ŁAD
1,cropped45.png,DTESLA 4 TYGODNIE 210000zł 3 TYGODNIE 68000zł 2 TYGODNIE 38000zł 1 TYDZIEŃ 2000Ozł 1 DZIEŃ 4200zł TWÓJ DOCHÓD PRZEZ 4 TYGODNIE INWESTYCJA 1100z}
1,cropped46.png,Pomyślcie 0 przyszłości Inwestycja W zakład utylizacji odpadów KPK 28z888s2 zł Krakowski Komunalny SA Holding 
1,cropped47.png,ZAROBIŁ 17000 ZŁ W 4 TYGODNIE 66 JEDNA PROSTA DECYZJA CZASEM ZMIENIA WSZYSTKO ! MACIEJ H. Poczalkujacy Trader
1,cropped48.png,"Kanonenrohr-Abfahn Schnittlauchkofel-Albfarint Ubungswiiese-NF BOBO-Skiweg Rastl TRROER Larchenbode Trogkofelabfahrt Larchenbon Zweikofel-Abfahrt Verbindur BOBO-Skiweg Zweikofel Schwefe Carnia Dreierif Lifle und Sellbahnen Strohsa Geplante Seilbahn-Anlagen BOBO leichte Pisten Trigelal Pisten Mille schwere Pisten BC Freeride Areas / Varianten (nicht prar Tre nicht kcntrolliert, geuble Skila Mavraxs miilere nur fir"
1,cropped49.png,KGHM P 0 L 5 K A M ! E D ź CENTRALA
1,cropped5.png,GR Oya
1,cropped50.png,PRZESTAŃ SPONSOROWAĆ ROSYJSKIE Trolle! BALTIC PIPE BROJEG Baltic Pipe ogłasza otwarcie funduszu inwestycyjnego do zarabiania na transporcie gazu ziemnego GWARANTOWANE PŁATNOŚCI DLA KAŻDEGO INWESTORA OD 32500 PLN
1,cropped51.png,P 28 90 2 ~85 sss 5 785 2589 2n ~sss 5
1,cropped52.png,P INWESTOWANIE W PZU ZAPEWNISZ inNOWACYJNA SOBIE Dochóp W WYSOKOSCI 6.500 ZŁ Co MIESIĄC Puashswgxhscarxw '4w} PIERWSżĄ WPPRTĘ
1,cropped53.png,Program polskiego rządu wspierany przez UE INWESTOWANIE W RECYKLING TERMICZNY JEST JUŻ DOSTĘPNE Od 2022 roku każdy Polak może zarobić od 22 000 zł jako inwestor W recyklingu ZAKYAD ReCYKLInGU nR 1w Europie KHK eKOSPALARNIA Krakowski Holding Komunalny Sh KRAKOW
1,cropped54.png,"UZYSKAJ LEGALNIE aus 15-19 OD 400 EURQ Muska (Zień! DZIENNIE drodze do kroxów Cle zycia Tylko kilkZ ZySKU 419 'a tym musisz wykonac aby ynajmy! cię poznać. any lub Pragnienia; ELON MUSK WNPUŚCIŁ CZAT, KTÓRY POMAGA ZAROBIĆ DOBRE PIENIADZE, KLIKNIJ ""WIĘCEJ"" 1] LCae Dobry Jestem Tesla X; Twoj , rObol | wirtualny 'Elona przewoanik na costatniego  dziell ( pierwszego etaple Konczyc  fest plerwsza {Kontiguracje IiIndlowa takzc dcwledzicc  wiecejo Najpierw musze których Wymaga  duzycn ! naklado:"
1,cropped55.png,78
1,cropped56.png,UNIA EUROPEJSKA RZECZPOSPOLITA POLSKA NOWE INFORMACJE DLA POLSKI
1,cropped57.png,509064 IUasd rnre 4 ULd 5150 0 0 ~ Sm 0.09 / 029
1,cropped58.png,TOTALIZAIORR SPORTOVY Lorto
1,cropped59.png,Ha Dmie 9 P TakeiaBolifePieonnartości 7450ZŁ Ga7ociAg = WHORZA E Polhochego Denk Rozeucowa DUMSKIEGO Systemu Przlsylowego BALTIC PROJECT
1,cropped6.png,Nagroda 30 000 zł Jagroda 2} 20 000 zł 10 Akcje PGNiG 0 wartości Magrooa 0oo
1,cropped60.png,PGNiG PGNiG (pomapihlr / Akcje PGNiG 0 wartości
1,cropped61.png,Inwestuję dziś w gaz tylko Juuuz} Tygodniowy zysk wyniesie co najmniej 19 680 zł 5 Y $ / GAZ e m {ALI}
1,cropped62.png,"ZOSTAŃ OFICJALNYM PARTNEREM Totalizator Sporiouy TOTALIZATORA SPORTOWY, KUPUJĄC AKCJE ZA 1000 ZŁ ZARABIAL OD 9500 ZŁ 0 7a7e Yoz INFORMACJE NA STRONIE INTERNETOWEJ Edit 'CaRD Surlode"
1,cropped63.png,NAJBARDZIEJ OBIeCUJaCA KrYPTowALUTA GWARANTOWANY WZROST 0 CO NAJMNIEJ 6ooo% W 2022 R P
1,cropped64.png,
1,cropped65.png,"UZYSKAJ LEGALNIE aus 15-19 OD 400 EURQ Muska (Zień! DZIENNIE drodze do kroxów Cle zycia Tylko kilkZ ZySKU 419 'a tym musisz wykonac aby ynajmy! cię poznać. any lub Pragnienia; ELON MUSK WNPUŚCIŁ CZAT, KTÓRY POMAGA ZAROBIĆ DOBRE PIENIADZE, KLIKNIJ ""WIĘCEJ"" 1] LCae Dobry Jestem Tesla X; Twoj , rObol | wirtualny 'Elona przewoanik na costatniego  dziell ( pierwszego etaple Konczyc  fest plerwsza {Kontiguracje IiIndlowa takzc dcwledzicc  wiecejo Najpierw musze których Wymaga  duzycn ! naklado:"
1,cropped66.png,PllU INWESTOWANIE W PZU ZAPEWNISZ SOBIE pocuód W_wYsOKOSCI 6.500 ZŁ CO MIESIĄC WSZySIKICH OBYWAIELI Pg2s KLUBEZPIECZAMY Woj PIERWśżĄ WPYRTĘ
1,cropped67.png,
1,cropped68.png,P INWESTOWANIE W PZU ZAPEWNISZ SOBIE Dochóp W WYSOKOSCI 6.500 ZŁ Co MIESIĄC Puashswgxhscarxw '4w} PIERWSżĄ WPPRTĘ
1,cropped69.png,ZAINWESTUJW NOWY PROJEKT IZARABIACOD 35.770 ZŁ TYGODNIOWOI 5Z
1,cropped7.png,
1,cropped70.png,ZARABIAĆ OD 2 000 ZŁ TYGODNIOWO 5 OfFiciAl 5 0 8 5 50
1,cropped71.png,"FACEBOOK SIĘ ZAMYKA! ?u#0S 1 URUCHAMIA NOWY PROJEKT, KTÓRY PRZYNOSI PONAD 10 @00 6 Idź i dowiedz się szczegółów 14 50"
1,cropped72.png,
1,cropped73.png,Inwestuję dziś w gaz tylko uooz} Tygodniowy zysk wyniesie co najmniej 19 680 zł 5 V 5 SAZ 1e m {ALI
1,cropped74.png,ORANEK INFO 17 ZALOŻYCIELE 2 DUŻYCH FIRM POSTANOWILI ZROBIĆ efcaqen 950 WSPÓLNY PROJEKT POMÓC POLAKOM UNIKNĄĆ KRYZYSU . TYPinfo Ciesninie Tajwanskib) NBp KaZDY DORoSCY UchoDZC 08.05
1,cropped75.png,
1,cropped76.png,
1,cropped77.png,DTESLA 4 TYGODNIE 210000zł 3 TYGODNIE 68000zł 2 TYGODNIE 38000zł 1 TYDZIEŃ 20o0Ozł 1 DZIEŃ 4200zł TWÓJ DOCHÓD PRZEZ 4 TYGODNIE INWESTYCJA 1100zł
1,cropped78.png,"APLIKACJA ZARABIA AUIOMAIYCZINIE Konto Osobiste 86 832,89 WKRÓTCE ZAROBISZ NA WŁASNE MIESZKANIE"
1,cropped79.png,Naucz się inwestować w amazon
1,cropped8.png,5 Y $ + e m 5AZ SEKRET BOGACTWA ZOSTAŁ UJAWNIONYI ZAINWESTUJ W NOWY PROJEKT! ZARABIAJ 00 39.874 ZŁ TYGODNIOWOQ
1,cropped80.png,APLIKACJA ZARABIA AUTOMATYCZNIE WKRÓTCE ZAROBISZ NA WŁASNE MIESZKANIE 72925
1,cropped81.png,Polenergia bezpłatna konsultacja DLA KAŻDEDO POLAKA 7.500 ZŁ 10:00 = 20:00 am Przyszłość zaczyna się nie jutro; ale dziś
1,cropped82.png,"1 o g 48,99 7619 989 < 32,22 MAXIMIZER 291000 24.1500 21.4300 17.2500 16.1000 6.9000 0.06 0.07"
1,cropped83.png,PGNiG PGNiG (pomapihlr / Akcje PGNiG 0 wartości
1,cropped84.png,"Wiadomość minut temu PGNiG Inwestomat: VISA6435 23.07.2022 12.33 Przelew środków na konto: 4323,55 zł. Saldo: 47669,12zł PGNG Inwestuj w sektor naftowy i gazowy w swoim kraju i zarabiaj od 13.450 zł"
1,cropped85.png,Seco: 9 48000 ZŁ Thumaczeniz Si Transakcje: Uzupcinian € 2 000 Zt 8035 ipelnianie 2 600 71 2000 71 '9035 9035 UZYSKAĆ5 0002 W 30 MINUT ZRÓB PROSTY TEST! Sontonder 403s Gey Uzupslnianie 2000  Uzupcinianie
1,cropped86.png,251 Inwestowanie w złoto to stabilne zarobki od 11400 zł miesięcznie
1,cropped87.png,Interesy nie idą najlepiej? Możemy Ci pomóc! ANTICRISIS Zrooh Caraeaou oiooood s Cuesnn
1,cropped88.png,baltic Sppe
1,cropped89.png,8 ostatnia szansa 100
1,cropped9.png,"""8,"
1,cropped90.png,1 72 PIERWSZA RATA S250 MIESIĘCZNY ZYSK S17500 TYGODNIOWY ZYSK DZIENNY ZYSK S4000 S700 ZYSKAJ BEZ WYSIŁKU Reakcja Lańcuchowa
1,cropped91.png,Bonk Polski +337OPLN +2I7OPLN INWESTUJAC IOOO ZŁ MINIMALNYZYSK WYNOSI 2310-3790 PLN
1,cropped92.png,0.04 / 043
1,cropped93.png,IYPIFQ TyPinfo M PRZYJAL UStaWE WS. SZCZEGOLNYCH ROZWIAZAN ZW. Z KC 15-54 0:17 / 027
1,cropped94.png,STOP CRISIS
1,cropped95.png,"UZYSKAJ LEGALNIE aus 15-19 OD 400 EURQ Muska (Zień! DZIENNIE drodze do kroxów Cle zycia Tylko kilkZ ZySKU 419 'a tym musisz wykonac aby ynajmy! cię poznać. any lub Pragnienia; ELON MUSK WNPUŚCIŁ CZAT, KTÓRY POMAGA ZAROBIĆ DOBRE PIENIADZE, KLIKNIJ ""WIĘCEJ"" 1] LCae Dobry Jestem Tesla X; Twoj , rObol | wirtualny 'Elona przewoanik na costatniego  dziell ( pierwszego etaple Konczyc  fest plerwsza {Kontiguracje IiIndlowa takzc dcwledzicc  wiecejo Najpierw musze których Wymaga  duzycn ! naklado:"
1,cropped96.png,PayPal coin JEST NIE DO ZATRZYMANI
1,cropped97.png,8 ostatnia szansa 100
1,cropped98.png,twoja poduszka powietrzna Szybki Prosty Stabilny Zdobądź Anticrisis 10.000 zł
1,cropped99.png,1 72 PIERWSZA RATA S250 MIESIĘCZNY ZYSK S17500 TYGODNIOWY ZYSK DZIENNY ZYSK S4000 S700 ZYSKAJ BEZ WYSIŁKU Reakcja Lańcuchowa
